type,time,exchange,competitor,odds,backer,layer,stake
Trade,5.326143980026245,0,1,1.1,2,29,15
Trade,5.452840328216553,0,1,3.7474275320744317,52,2,15
Trade,5.608344078063965,0,1,1.7474275320744317,2,6,15
Trade,5.753664016723633,0,1,2.7474275320744317,3,6,15
Trade,6.3154590129852295,0,1,3.7474275320744317,3,27,15
Trade,6.368670225143433,0,1,4.747427532074432,6,3,15
Trade,6.423213005065918,0,1,2.7474275320744317,2,6,15
Trade,6.448564052581787,0,1,2.7474275320744317,6,2,15
Trade,6.649712085723877,0,1,4.847427532074431,3,57,15
Trade,6.703690052032471,0,1,4.847427532074431,2,58,15
Trade,6.82607102394104,0,1,4.947427532074431,3,58,15
Trade,6.849639177322388,0,1,4.947427532074431,3,57,15
Trade,7.640848159790039,0,1,5.14742753207443,6,28,15
Trade,7.911928176879883,0,1,5.14742753207443,2,26,15
Trade,8.186023235321045,0,1,5.14742753207443,2,22,15
Trade,8.304794073104858,0,1,5.047427532074431,28,58,15
Trade,8.308174133300781,0,1,4.947427532074431,27,57,15
Trade,8.501660108566284,0,1,4.9,29,3,15
Trade,8.517263174057007,0,1,4.9,22,6,15
Trade,8.538572072982788,0,1,4.9,26,6,15
Trade,9.396157264709473,0,1,3.9000000000000004,6,3,15
Trade,9.47979211807251,0,1,3.9000000000000004,3,57,15
Trade,9.66643214225769,0,1,4.9,24,57,15
Trade,9.936910152435303,0,1,4.0,6,58,15
Trade,10.300050258636475,0,1,5.047427532074431,2,58,15
Trade,10.567924976348877,0,1,3.9000000000000004,3,2,15
Trade,11.154301166534424,0,1,3.9000000000000004,2,6,15
Trade,11.320950031280518,0,1,4.9,3,2,15
Trade,11.381000280380249,0,1,4.544176887231566,20,3,15
Trade,12.34404706954956,0,1,3.5441768872315658,2,6,15
Trade,13.323164224624634,0,1,4.0,2,59,15
Trade,13.552760124206543,0,1,4.0,3,58,15
Trade,13.937661170959473,0,1,4.9,6,3,15
Trade,15.159541130065918,0,1,5.9,6,2,15
Trade,15.842396259307861,0,1,5.9,2,3,15
Trade,16.488348245620728,0,1,4.0,6,57,15
Trade,19.225106239318848,0,1,5.9,57,6,15
Trade,19.265228033065796,0,1,4.1,3,57,15
Trade,19.78520131111145,0,1,4.1,2,59,15
Trade,32.88654017448425,0,1,4.800000000000001,59,57,15
Trade,32.98483109474182,0,1,4.800000000000001,58,55,15
Trade,33.14265322685242,0,1,5.9,3,56,15
Trade,33.2415931224823,0,1,5.9,2,58,15
Trade,33.323793172836304,0,1,5.9,6,57,15
Trade,35.915698289871216,0,1,6.0,6,59,15
Trade,36.89781308174133,0,1,6.0,6,55,15
Trade,36.942548990249634,0,1,6.0,2,56,15
Trade,37.153539180755615,0,1,6.0,2,58,15
Trade,37.51674818992615,0,1,3.9000000000000004,3,2,15
Trade,39.19358015060425,0,1,3.9000000000000004,2,3,15
Trade,40.082828998565674,0,1,3.9000000000000004,3,58,15
Trade,40.08383011817932,0,1,3.9000000000000004,2,56,15
Trade,40.165406227111816,0,1,4.1,3,57,15
Trade,40.167516231536865,0,1,4.1,2,57,15
Trade,40.17198824882507,0,1,4.199999999999999,2,58,15
Trade,40.19529318809509,0,1,6.0,6,56,15
Trade,40.19703722000122,0,1,6.0,2,59,15
Trade,40.203341007232666,0,1,6.0,6,55,15
Trade,40.22046422958374,0,1,6.0,6,58,15
Trade,40.32613921165466,0,1,4.1,3,2,15
Trade,40.36321711540222,0,1,4.1,2,3,15
Trade,40.36505603790283,0,1,4.1,3,6,15
Trade,40.41164517402649,0,1,4.199999999999999,2,55,15
Trade,40.415327072143555,0,1,5.800000000000001,6,3,15
Trade,40.43674111366272,0,1,4.1,2,2,15
Trade,40.43828511238098,0,1,5.800000000000001,3,2,15
Trade,40.48764204978943,0,1,4.1,6,6,15
Trade,40.499516248703,0,1,5.800000000000001,3,2,15
Trade,40.500322103500366,0,1,4.199999999999999,3,57,15
Trade,40.53832221031189,0,1,4.1,6,6,15
Trade,40.5468111038208,0,1,4.1,3,3,15
Trade,40.57743310928345,0,1,4.199999999999999,3,59,15
Trade,40.82730221748352,0,1,4.1,6,6,15
Trade,40.8277370929718,0,1,4.1,3,2,15
Trade,40.82801103591919,0,1,4.1,2,3,15
Trade,40.831080198287964,0,1,4.199999999999999,6,58,15
Trade,40.84514093399048,0,1,4.199999999999999,2,55,15
Trade,40.86237812042236,0,1,5.800000000000001,6,3,15
Trade,40.86280417442322,0,1,4.199999999999999,2,59,15
Trade,40.867974281311035,0,1,5.800000000000001,2,3,15
Trade,40.87542915344238,0,1,4.199999999999999,2,57,15
Trade,40.87776827812195,0,1,4.199999999999999,3,55,15
Trade,40.89533805847168,0,1,5.800000000000001,3,6,15
Trade,40.91874408721924,0,1,5.800000000000001,2,3,15
Trade,40.93444609642029,0,1,4.199999999999999,3,56,15
Trade,40.98123216629028,0,1,4.1,2,3,15
Trade,40.98191523551941,0,1,6.1560921249509555,52,2,15
Trade,40.984679222106934,0,1,4.1,6,3,15
Trade,41.00179719924927,0,1,5.800000000000001,6,6,15
Trade,41.0394721031189,0,1,6.0,6,2,15
Trade,41.04291820526123,0,1,6.0,2,6,15
Trade,41.07882118225098,0,1,6.0,6,58,15
Trade,41.07901430130005,0,1,6.0,3,2,15
Trade,41.15589213371277,0,1,6.0,3,3,15
Trade,41.158764123916626,0,1,6.1,3,57,15
Trade,41.16028118133545,0,1,6.0,2,6,15
Trade,41.18573307991028,0,1,6.0,3,2,15
Trade,41.18655323982239,0,1,6.1,2,59,15
Trade,41.18714427947998,0,1,6.1,6,58,15
Trade,41.188727140426636,0,1,7.1560921249509555,3,2,15
Trade,41.19227910041809,0,1,6.0,6,6,15
Trade,41.204874992370605,0,1,6.1,6,57,15
Trade,41.22366714477539,0,1,6.1,2,56,15
Trade,41.22423315048218,0,1,6.1,2,58,15
Trade,41.236004114151,0,1,7.1560921249509555,2,3,15
Trade,41.25330209732056,0,1,6.1,2,59,15
Trade,41.25905728340149,0,1,5.1560921249509555,3,6,15
Trade,41.28114604949951,0,1,7.1560921249509555,3,2,15
Trade,41.28210520744324,0,1,7.1560921249509555,2,6,15
Trade,41.298624992370605,0,1,3.9000000000000004,3,3,15
Trade,41.31363916397095,0,1,5.1560921249509555,2,3,15
Trade,41.331604957580566,0,1,5.1560921249509555,3,6,15
Trade,41.349690198898315,0,1,3.8000000000000007,2,3,15
Trade,41.351771116256714,0,1,5.800000000000001,6,2,15
Trade,41.365952014923096,0,1,7.1560921249509555,2,6,15
Trade,41.375240325927734,0,1,5.9,6,55,15
Trade,41.37572121620178,0,1,5.1560921249509555,2,6,15
Trade,41.391454219818115,0,1,5.9,6,56,15
Trade,41.60776495933533,0,1,6.1560921249509555,3,2,15
Trade,0.3269021511077881,0,2,1.15,50,4,15
Trade,0.344555139541626,0,2,1.2945629537685441,7,53,15
Trade,0.6906371116638184,0,2,2.4,54,7,15
Trade,0.696404218673706,0,2,1.7206265404658545,4,53,15
Trade,0.7553153038024902,0,2,1.7206265404658545,7,53,15
Trade,1.1727771759033203,0,2,2.929909383652357,50,4,15
Trade,1.8617632389068604,0,2,3.9000000000000004,7,4,15
Trade,1.8625483512878418,0,2,3.9000000000000004,4,52,15
Trade,2.892470121383667,0,2,4.9,4,4,15
Trade,3.039797067642212,0,2,4.9,4,7,15
Trade,3.058580160140991,0,2,1.7206265404658545,7,53,15
Trade,3.5206053256988525,0,2,1.1,4,54,15
Trade,3.5407161712646484,0,2,1.1,7,52,15
Trade,4.253704309463501,0,2,4.530002861118864,51,4,15
Trade,4.4348790645599365,0,2,4.647114939846753,51,4,15
Trade,4.694332122802734,0,2,4.647114939846753,51,4,15
Trade,4.866296052932739,0,2,4.647114939846753,51,7,15
Trade,4.959758043289185,0,2,4.647114939846753,51,4,15
Trade,5.262452125549316,0,2,3.6471149398467526,4,7,15
Trade,5.314866304397583,0,2,3.0215683463505996,4,53,15
Trade,5.327203035354614,0,2,2.11976907101245,4,54,15
Trade,5.430555105209351,0,2,4.647114939846753,51,4,15
Trade,5.446313381195068,0,2,5.647114939846753,52,7,15
Trade,5.44926905632019,0,2,2.135593969508785,7,54,15
Trade,5.56009316444397,0,2,5.191372882908601,52,7,15
Trade,5.665482044219971,0,2,5.191372882908601,52,7,15
Trade,5.947838306427002,0,2,4.191372882908601,7,4,15
Trade,5.95546817779541,0,2,5.191372882908601,52,4,15
Trade,6.0101001262664795,0,2,2.525296256164354,7,54,15
Trade,6.338834285736084,0,2,4.191372882908601,52,7,15
Trade,6.393515110015869,0,2,4.191372882908601,52,4,15
Trade,6.424496173858643,0,2,4.038941674014504,52,4,15
Trade,6.463454246520996,0,2,3.949156922412975,52,7,15
Trade,6.978585243225098,0,2,3.949156922412975,52,7,15
Trade,7.43552303314209,0,2,3.049156922412975,7,58,15
Trade,7.511905193328857,0,2,3.949156922412975,52,58,15
Trade,7.571465253829956,0,2,3.049156922412975,4,57,15
Trade,7.774301290512085,0,2,5.038941674014504,53,4,15
Trade,7.872996091842651,0,2,5.118618119885458,54,4,15
Trade,8.59855318069458,0,2,4.2913728829086,4,57,15
Trade,9.512957334518433,0,2,3.038941674014504,7,57,15
Trade,10.374783992767334,0,2,4.3913728829086,4,57,15
Trade,10.55331826210022,0,2,4.3913728829086,7,58,15
Trade,11.454573154449463,0,2,4.038941674014504,7,4,15
Trade,11.878963232040405,0,2,4.038941674014504,4,7,15
Trade,11.933651208877563,0,2,4.279881307237613,52,7,15
Trade,12.235326290130615,0,2,4.279881307237613,52,7,15
Trade,12.75868535041809,0,2,4.038941674014504,7,7,15
Trade,12.764166116714478,0,2,4.279881307237613,52,4,15
Trade,13.82211709022522,0,2,4.038941674014504,4,4,15
Trade,13.869072198867798,0,2,4.038941674014504,7,52,15
Trade,14.088906049728394,0,2,4.4913728829086,4,57,15
Trade,16.740314245224,0,2,3.938941674014504,25,4,15
Trade,18.651929140090942,0,2,5.038941674014504,21,4,15
Trade,18.811618089675903,0,2,5.243954381611731,7,57,15
Trade,19.209115266799927,0,2,5.343954381611731,4,59,15
Trade,20.617632150650024,0,2,5.138941674014504,4,57,15
Trade,20.65316414833069,0,2,5.138941674014504,4,58,15
Trade,21.393022298812866,0,2,5.138941674014504,7,59,15
Trade,22.52349019050598,0,2,3.838941674014504,23,4,15
Trade,23.897529125213623,0,2,4.360365510344446,50,4,15
Trade,26.769333124160767,0,2,4.360365510344446,50,4,15
Trade,32.5065701007843,0,2,3.2798813072376127,4,4,15
Trade,33.458938121795654,0,2,4.524752824544258,50,7,15
Trade,33.76188898086548,0,2,3.379881307237613,53,27,15
Trade,34.119418144226074,0,2,3.379881307237613,53,21,15
Trade,34.47094130516052,0,2,3.379881307237613,53,24,15
Trade,34.6049530506134,0,2,3.379881307237613,53,25,15
Trade,34.683401346206665,0,2,3.379881307237613,53,26,15
Trade,34.727410316467285,0,2,3.379881307237613,53,22,15
Trade,34.80851101875305,0,2,3.379881307237613,53,28,15
Trade,34.868691205978394,0,2,3.379881307237613,53,29,15
Trade,34.913488149642944,0,2,3.379881307237613,53,23,15
Trade,35.006829023361206,0,2,3.379881307237613,53,57,15
Trade,35.113688230514526,0,2,3.379881307237613,53,55,15
Trade,35.709556102752686,0,2,3.379881307237613,4,56,15
Trade,35.98230028152466,0,2,3.379881307237613,4,58,15
Trade,36.81039619445801,0,2,3.379881307237613,4,59,15
Trade,39.092371225357056,0,2,3.2798813072376127,7,4,15
Trade,40.022255182266235,0,2,4.524752824544258,50,4,15
Trade,40.046648025512695,0,2,3.138941674014504,4,58,15
Trade,40.04871225357056,0,2,4.058874205926994,50,4,15
Trade,40.04932522773743,0,2,5.1439543816117315,12,4,15
Trade,40.05627918243408,0,2,5.1439543816117315,10,7,15
Trade,40.1037392616272,0,2,5.038941674014504,7,4,15
Trade,40.10456323623657,0,2,5.1439543816117315,14,4,15
Trade,40.10978102684021,0,2,5.038941674014504,4,7,15
Trade,40.196309089660645,0,2,5.243954381611731,11,55,15
Trade,40.20452618598938,0,2,5.238941674014503,7,59,15
Trade,40.234090089797974,0,2,5.238941674014503,7,56,15
Trade,40.23479914665222,0,2,5.238941674014503,13,57,15
Trade,40.2351291179657,0,2,5.238941674014503,12,58,15
Trade,40.235318183898926,0,2,4.243954381611731,53,4,15
Trade,40.235496282577515,0,2,4.243954381611731,16,7,15
Trade,40.242958068847656,0,2,3.2798813072376127,17,59,15
Trade,40.25722694396973,0,2,3.2798813072376127,15,58,15
Trade,40.25742316246033,0,2,3.2798813072376127,18,55,15
Trade,40.25906300544739,0,2,3.2798813072376127,19,57,15
Trade,40.2595431804657,0,2,3.2798813072376127,10,56,15
Trade,40.27762508392334,0,2,3.2798813072376127,14,4,15
Trade,40.28061628341675,0,2,3.6967777534730635,53,4,15
Trade,40.34695506095886,0,2,3.6967777534730635,53,7,15
Trade,40.35087323188782,0,2,3.6967777534730635,53,58,15
Trade,40.35108518600464,0,2,4.459501067060272,16,55,15
Trade,40.362067222595215,0,2,4.459501067060272,12,57,15
Trade,40.36532402038574,0,2,4.459501067060272,11,56,15
Trade,40.36594200134277,0,2,4.459501067060272,13,59,15
Trade,40.379414081573486,0,2,4.459501067060272,17,7,15
Trade,40.381470918655396,0,2,4.459501067060272,18,7,15
Trade,40.383159160614014,0,2,4.459501067060272,15,7,15
Trade,40.40053129196167,0,2,3.038941674014504,4,7,15
Trade,40.41293001174927,0,2,3.038941674014504,7,4,15
Trade,40.41319012641907,0,2,5.360365510344446,13,7,15
Trade,40.4494252204895,0,2,5.360365510344446,7,4,15
Trade,40.45016026496887,0,2,5.360365510344446,12,7,15
Trade,40.48299527168274,0,2,3.6743010534578424,7,4,15
Trade,40.48456907272339,0,2,3.138941674014504,4,59,15
Trade,40.48533225059509,0,2,4.260365510344446,10,4,15
Trade,40.49005913734436,0,2,3.3603655103444456,4,7,15
Trade,40.49156308174133,0,2,4.260365510344446,15,7,15
Trade,40.50055909156799,0,2,4.260365510344446,12,7,15
Trade,40.52091431617737,0,2,4.260365510344446,19,4,15
Trade,40.52209711074829,0,2,3.038941674014504,4,58,15
Trade,40.53375315666199,0,2,4.260365510344446,14,4,15
Trade,40.535337924957275,0,2,4.260365510344446,18,4,15
Trade,40.53951835632324,0,2,3.3603655103444456,4,7,15
Trade,40.55064606666565,0,2,3.038941674014504,4,55,15
Trade,40.58306932449341,0,2,2.938941674014504,7,4,15
Trade,40.58331918716431,0,2,2.938941674014504,4,58,15
Trade,40.6071412563324,0,2,3.038941674014504,4,57,15
Trade,40.61798119544983,0,2,4.260365510344446,17,7,15
Trade,40.634703159332275,0,2,3.3603655103444456,11,7,15
Trade,40.63819599151611,0,2,3.038941674014504,7,56,15
Trade,40.699902296066284,0,2,3.1798813072376126,13,7,15
Trade,40.716989278793335,0,2,3.1798813072376126,16,4,15
Trade,40.718743085861206,0,2,3.1798813072376126,12,4,15
Trade,40.72044897079468,0,2,3.1798813072376126,15,7,15
Trade,40.74109220504761,0,2,3.1798813072376126,10,7,15
Trade,40.76268911361694,0,2,3.1798813072376126,19,56,15
Trade,40.76371622085571,0,2,3.1798813072376126,14,58,15
Trade,40.77240514755249,0,2,3.1798813072376126,18,57,15
Trade,40.77425003051758,0,2,3.1798813072376126,17,55,15
Trade,40.7846519947052,0,2,3.1798813072376126,11,59,15
Trade,40.78976631164551,0,2,3.1798813072376126,16,4,15
Trade,40.802253007888794,0,2,3.1798813072376126,15,4,15
Trade,40.81134819984436,0,2,3.1798813072376126,10,56,15
Trade,40.82836604118347,0,2,3.1798813072376126,44,58,15
Trade,40.82872819900513,0,2,3.1798813072376126,12,4,15
Trade,40.83161020278931,0,2,3.1798813072376126,13,57,15
Trade,40.83193922042847,0,2,3.1798813072376126,19,59,15
Trade,40.83264923095703,0,2,3.1798813072376126,14,55,15
Trade,40.84259605407715,0,2,3.1798813072376126,18,4,15
Trade,40.84570908546448,0,2,3.1798813072376126,17,56,15
Trade,40.84648513793945,0,2,3.1798813072376126,11,4,15
Trade,40.84755516052246,0,2,3.1798813072376126,16,58,15
Trade,40.847984075546265,0,2,3.1798813072376126,15,7,15
Trade,40.8498911857605,0,2,3.1798813072376126,10,7,15
Trade,40.86545729637146,0,2,3.1798813072376126,12,7,15
Trade,40.865705251693726,0,2,4.260365510344446,49,4,15
Trade,40.873637199401855,0,2,3.1798813072376126,16,4,15
Trade,40.87718605995178,0,2,3.1798813072376126,10,4,15
Trade,40.89462399482727,0,2,3.1798813072376126,17,4,15
Trade,40.895825147628784,0,2,3.1798813072376126,14,4,15
Trade,40.89770698547363,0,2,3.1798813072376126,11,57,15
Trade,40.89891314506531,0,2,3.1798813072376126,18,7,15
Trade,40.908851146698,0,2,3.1798813072376126,19,56,15
Trade,40.91001224517822,0,2,3.1798813072376126,15,55,15
Trade,40.9228892326355,0,2,3.1798813072376126,12,59,15
Trade,40.92434215545654,0,2,3.1798813072376126,13,58,15
Trade,40.94229817390442,0,2,3.1798813072376126,16,57,15
Trade,40.94371819496155,0,2,3.1798813072376126,10,56,15
Trade,40.950228214263916,0,2,3.1798813072376126,17,55,15
Trade,40.95493507385254,0,2,3.1798813072376126,14,4,15
Trade,40.95733714103699,0,2,3.1798813072376126,11,59,15
Trade,40.95848608016968,0,2,3.1798813072376126,18,58,15
Trade,40.980178117752075,0,2,3.1798813072376126,19,4,15
Trade,40.98240113258362,0,2,3.1798813072376126,15,7,15
Trade,41.005587339401245,0,2,3.1798813072376126,46,7,15
Trade,41.02989721298218,0,2,3.1798813072376126,41,7,15
Trade,41.03117799758911,0,2,3.379881307237613,4,58,15
Trade,41.04002618789673,0,2,3.379881307237613,7,57,15
Trade,41.04128313064575,0,2,4.260365510344446,43,4,15
Trade,41.0599160194397,0,2,4.260365510344446,45,7,15
Trade,41.073143005371094,0,2,4.260365510344446,40,7,15
Trade,41.08136820793152,0,2,3.524752824544258,7,4,15
Trade,41.08602809906006,0,2,4.2748511004317145,54,7,15
Trade,41.08620810508728,0,2,4.4247528245442584,12,4,15
Trade,41.096697092056274,0,2,4.4247528245442584,13,7,15
Trade,41.15731501579285,0,2,3.379881307237613,4,4,15
Trade,41.157533168792725,0,2,3.524752824544258,16,4,15
Trade,41.159510135650635,0,2,4.4247528245442584,14,7,15
Trade,41.16591715812683,0,2,4.4247528245442584,15,4,15
Trade,41.17566728591919,0,2,4.4247528245442584,19,7,15
Trade,41.18916130065918,0,2,4.4247528245442584,16,4,15
Trade,41.190186977386475,0,2,4.4247528245442584,11,7,15
Trade,41.205790996551514,0,2,3.479881307237613,7,55,15
Trade,41.220746994018555,0,2,4.4247528245442584,17,4,15
Trade,41.221323013305664,0,2,3.479881307237613,7,56,15
Trade,41.22312021255493,0,2,3.479881307237613,17,59,15
Trade,41.223302125930786,0,2,3.479881307237613,13,58,15
Trade,41.223485231399536,0,2,3.479881307237613,16,57,15
Trade,41.25097107887268,0,2,2.938941674014504,4,4,15
Trade,41.25118112564087,0,2,3.038941674014504,14,59,15
Trade,41.259340047836304,0,2,3.038941674014504,7,56,15
Trade,41.260555028915405,0,2,3.1798813072376126,10,7,15
Trade,41.26407027244568,0,2,3.1798813072376126,18,4,15
Trade,41.27095413208008,0,2,3.1798813072376126,12,4,15
Trade,41.28012013435364,0,2,3.038941674014504,4,58,15
Trade,41.28976106643677,0,2,3.1798813072376126,14,4,15
Trade,41.29073715209961,0,2,3.038941674014504,7,57,15
Trade,41.298946142196655,0,2,3.1798813072376126,15,4,15
Trade,41.299259185791016,0,2,3.1798813072376126,19,4,15
Trade,41.33653116226196,0,2,3.524752824544258,14,7,15
Trade,41.33702826499939,0,2,3.038941674014504,4,55,15
Trade,41.34796714782715,0,2,4.359501067060273,11,7,15
Trade,41.362173318862915,0,2,2.938941674014504,39,7,15
Trade,41.36854815483093,0,2,3.0798813072376126,17,4,15
Trade,41.369566202163696,0,2,2.6252962561643542,7,59,15
Trade,41.37156820297241,0,2,2.6252962561643542,7,56,15
Trade,41.37827515602112,0,2,3.0798813072376126,13,56,15
Trade,41.49804425239563,0,2,3.0798813072376126,16,7,15
Trade,41.612006187438965,0,2,2.6252962561643542,7,58,15
Trade,41.64394021034241,0,2,2.6252962561643542,7,55,15
Trade,41.72662019729614,0,2,2.6252962561643542,4,57,15
Trade,41.81837010383606,0,2,2.5967777534730634,53,4,15
Trade,41.819064140319824,0,2,2.525296256164354,50,54,15
Trade,41.81952214241028,0,2,2.0798813072376126,52,7,15
Trade,41.81970524787903,0,2,1.1,51,52,15
Trade,41.82701516151428,0,2,1.1,54,51,15
Trade,0.07734918594360352,0,3,1.1,38,1,15
Trade,0.09387421607971191,0,3,1.1,32,1,15
Trade,0.2427201271057129,0,3,1.1,30,1,15
Trade,0.2860901355743408,0,3,1.1,33,8,15
Trade,0.2968733310699463,0,3,1.1,36,8,15
Trade,0.35555028915405273,0,3,1.1,34,8,15
Trade,0.4346802234649658,0,3,1.1,39,1,15
Trade,0.6898972988128662,0,3,1.1,31,1,15
Trade,0.7252471446990967,0,3,1.1,37,1,15
Trade,0.8696351051330566,0,3,1.1,35,1,15
Trade,1.4212021827697754,0,3,1.1,8,1,15
Trade,1.573302984237671,0,3,1.1,1,8,15
Trade,1.89378023147583,0,3,1.15,51,8,15
Trade,2.2389461994171143,0,3,1.5666666666666667,53,8,15
Trade,2.32669997215271,0,3,2.4,54,8,15
Trade,2.4577741622924805,0,3,2.926372908335429,52,8,15
Trade,2.530250072479248,0,3,2.7263729083354287,31,1,15
Trade,2.6348652839660645,0,3,2.8263729083354288,34,8,15
Trade,2.7304272651672363,0,3,2.8263729083354288,38,1,15
Trade,3.0413010120391846,0,3,2.8263729083354288,37,1,15
Trade,3.2429330348968506,0,3,2.6119415931310144,54,1,15
Trade,3.380661964416504,0,3,2.6119415931310144,54,1,15
Trade,3.4478871822357178,0,3,2.6119415931310144,54,8,15
Trade,3.4777190685272217,0,3,2.6119415931310144,54,8,15
Trade,3.4919581413269043,0,3,2.6119415931310144,54,8,15
Trade,3.8926241397857666,0,3,2.6119415931310144,54,8,15
Trade,4.660109043121338,0,3,2.8263729083354288,32,1,15
Trade,4.695258140563965,0,3,2.8263729083354288,36,1,15
Trade,4.727057218551636,0,3,2.900582907339434,53,1,15
Trade,4.936121225357056,0,3,2.239818400318227,36,8,15
Trade,4.9735071659088135,0,3,1.9398184003182268,37,8,15
Trade,5.098241090774536,0,3,2.039818400318227,32,8,15
Trade,5.372859239578247,0,3,2.139818400318227,35,8,15
Trade,5.741261005401611,0,3,1.139818400318227,30,1,15
Trade,5.77337908744812,0,3,1.1,34,8,15
Trade,5.837700128555298,0,3,1.1,33,8,15
Trade,5.84020209312439,0,3,1.1,39,1,15
Trade,5.999995231628418,0,3,1.1,31,8,15
Trade,6.181471109390259,0,3,1.1,38,8,15
Trade,6.432899236679077,0,3,1.1,37,8,15
Trade,6.7831432819366455,0,3,1.1,32,1,15
Trade,6.8782641887664795,0,3,1.1,36,8,15
Trade,7.283082008361816,0,3,1.1,35,1,15
Trade,7.323666334152222,0,3,1.1,22,58,15
Trade,7.395963191986084,0,3,1.1,26,58,15
Trade,7.476830244064331,0,3,1.1,28,58,15
Trade,7.509038209915161,0,3,1.139818400318227,1,57,15
Trade,8.003575086593628,0,3,2.239818400318227,8,8,15
Trade,8.44975209236145,0,3,1.3398184003182272,1,22,15
Trade,8.487651109695435,0,3,1.3398184003182272,1,26,15
Trade,8.608322143554688,0,3,2.4185797597130483,53,1,15
Trade,8.637197017669678,0,3,1.3398184003182272,1,57,15
Trade,8.681709051132202,0,3,2.4185797597130483,53,8,15
Trade,8.77564525604248,0,3,1.3398184003182272,1,29,15
Trade,8.864328145980835,0,3,2.4185797597130483,53,8,15
Trade,9.672547101974487,0,3,2.318579759713048,34,8,15
Trade,10.001299142837524,0,3,2.318579759713048,31,8,15
Trade,10.768553256988525,0,3,2.218579759713048,11,1,15
Trade,11.199155330657959,0,3,1.6398184003182275,8,20,15
Trade,11.37658429145813,0,3,1.6398184003182275,1,57,15
Trade,11.599494218826294,0,3,1.6398184003182275,1,59,15
Trade,11.746984243392944,0,3,2.118579759713048,17,1,15
Trade,11.960884094238281,0,3,1.6398184003182275,8,58,15
Trade,12.34663701057434,0,3,1.5398184003182274,11,57,15
Trade,12.65323519706726,0,3,1.5398184003182274,17,59,15
Trade,12.744704961776733,0,3,1.5398184003182274,8,58,15
Trade,12.853464126586914,0,3,2.018579759713048,11,1,15
Trade,13.219244003295898,0,3,1.6398184003182275,8,57,15
Trade,13.258363246917725,0,3,2.318579759713048,32,8,15
Trade,13.360762119293213,0,3,2.4185797597130483,53,1,15
Trade,13.368330001831055,0,3,2.519939018826897,54,8,15
Trade,14.175246238708496,0,3,2.5398184003182274,1,8,15
Trade,14.247695207595825,0,3,1.3398184003182272,8,24,15
Trade,14.539087057113647,0,3,1.4398184003182273,17,25,15
Trade,14.773540258407593,0,3,1.3398184003182272,8,27,15
Trade,15.08599328994751,0,3,1.3398184003182272,8,28,15
Trade,15.97275424003601,0,3,1.3398184003182272,8,1,15
Trade,16.276148080825806,0,3,2.218579759713048,10,1,15
Trade,16.602813243865967,0,3,1.4398184003182273,8,57,15
Trade,16.61290431022644,0,3,1.5398184003182274,11,1,15
Trade,17.136873960494995,0,3,1.4398184003182273,1,59,15
Trade,19.0590181350708,0,3,3.218579759713048,1,21,15
Trade,20.17189621925354,0,3,3.457851478521412,14,8,15
Trade,21.932106018066406,0,3,2.557851478521412,16,1,15
Trade,21.946048974990845,0,3,1.4398184003182273,11,58,15
Trade,21.960589170455933,0,3,1.4398184003182273,14,59,15
Trade,21.974612951278687,0,3,1.4398184003182273,10,57,15
Trade,21.99446702003479,0,3,1.3398184003182272,14,8,15
Trade,22.114665269851685,0,3,1.3398184003182272,17,23,15
Trade,26.097508192062378,0,3,1.1,8,50,15
Trade,27.21833610534668,0,3,1.3398184003182272,19,55,15
Trade,27.7393159866333,0,3,1.3398184003182272,15,57,15
Trade,27.89865016937256,0,3,1.3398184003182272,14,58,15
Trade,28.20749306678772,0,3,1.3398184003182272,16,56,15
Trade,28.706191062927246,0,3,1.3398184003182272,11,59,15
Trade,29.968454122543335,0,3,1.1,1,8,15
Trade,32.731319189071655,0,3,1.1,1,57,15
Trade,33.66384935379028,0,3,1.8185797597130477,13,8,15
Trade,40.031392097473145,0,3,1.4398184003182273,1,8,15
Trade,40.08101034164429,0,3,1.4398184003182273,8,1,15
Trade,40.08161926269531,0,3,1.4398184003182273,1,56,15
Trade,40.08415412902832,0,3,1.5398184003182274,8,56,15
Trade,40.08534598350525,0,3,1.8185797597130477,18,1,15
Trade,40.087398290634155,0,3,1.8185797597130477,10,1,15
Trade,40.08775019645691,0,3,1.8185797597130477,17,8,15
Trade,40.104159116744995,0,3,1.8185797597130477,19,1,15
Trade,40.1052610874176,0,3,1.5398184003182274,1,55,15
Trade,40.10623121261597,0,3,1.8185797597130477,14,1,15
Trade,40.1090350151062,0,3,1.8185797597130477,15,8,15
Trade,40.11356711387634,0,3,1.8185797597130477,16,8,15
Trade,40.121001958847046,0,3,1.8185797597130477,11,1,15
Trade,40.12537121772766,0,3,1.8185797597130477,20,8,15
Trade,40.128727197647095,0,3,1.8185797597130477,21,8,15
Trade,40.14134216308594,0,3,1.8185797597130477,27,1,15
Trade,40.153088092803955,0,3,1.8185797597130477,25,8,15
Trade,40.16469621658325,0,3,1.8185797597130477,26,57,15
Trade,40.16635799407959,0,3,1.8185797597130477,24,57,15
Trade,40.16670513153076,0,3,1.8185797597130477,22,59,15
Trade,40.16728615760803,0,3,1.8185797597130477,29,58,15
Trade,40.169058084487915,0,3,1.8185797597130477,23,1,15
Trade,40.16978406906128,0,3,1.8185797597130477,28,56,15
Trade,40.17250204086304,0,3,2.557851478521412,8,59,15
Trade,40.17295837402344,0,3,2.557851478521412,1,58,15
Trade,40.1920371055603,0,3,3.0923743078852763,54,56,15
Trade,40.196598052978516,0,3,2.557851478521412,1,55,15
Trade,40.19755220413208,0,3,2.557851478521412,8,55,15
Trade,40.20279502868652,0,3,3.0923743078852763,54,55,15
Trade,40.22549819946289,0,3,3.0923743078852763,54,1,15
Trade,40.276766300201416,0,3,1.239818400318227,36,8,15
Trade,40.278635025024414,0,3,1.239818400318227,32,1,15
Trade,40.35768127441406,0,3,1.239818400318227,35,8,15
Trade,40.35875606536865,0,3,1.239818400318227,30,58,15
Trade,40.35942220687866,0,3,1.239818400318227,37,55,15
Trade,40.36383628845215,0,3,1.239818400318227,33,1,15
Trade,40.3655149936676,0,3,1.239818400318227,31,8,15
Trade,40.36569905281067,0,3,1.239818400318227,39,57,15
Trade,40.36623001098633,0,3,1.239818400318227,38,58,15
Trade,40.36644721031189,0,3,1.239818400318227,34,55,15
Trade,40.36661911010742,0,3,2.557851478521412,8,59,15
Trade,40.382877349853516,0,3,2.6578514785214122,1,56,15
Trade,40.39872407913208,0,3,2.6578514785214122,8,57,15
Trade,40.41142225265503,0,3,2.6578514785214122,8,59,15
Trade,40.431700229644775,0,3,1.1,1,8,15
Trade,40.44881319999695,0,3,1.1,8,1,15
Trade,40.48356819152832,0,3,2.339818400318227,1,8,15
Trade,40.635542154312134,0,3,1.1,1,1,15
Trade,40.665493965148926,0,3,1.1,8,1,15
Trade,40.69781017303467,0,3,1.2000000000000002,1,59,15
Trade,40.698190212249756,0,3,1.2000000000000002,1,55,15
Trade,40.700767993927,0,3,2.339818400318227,8,1,15
Trade,40.70161509513855,0,3,1.2000000000000002,1,56,15
Trade,40.70362114906311,0,3,2.339818400318227,1,8,15
Trade,40.720696210861206,0,3,1.1,8,8,15
Trade,40.72103810310364,0,3,1.1,1,8,15
Trade,40.73976707458496,0,3,1.2000000000000002,1,55,15
Trade,40.74422907829285,0,3,2.1,1,8,15
Trade,40.7453670501709,0,3,1.2000000000000002,1,57,15
Trade,40.87510395050049,0,3,1.1,8,8,15
Trade,40.92078113555908,0,3,1.2000000000000002,8,59,15
Trade,40.93592405319214,0,3,2.8185797597130477,1,8,15
Trade,40.941511154174805,0,3,1.2000000000000002,1,55,15
Trade,40.98160529136658,0,3,2.8185797597130477,1,8,15
Trade,40.98331618309021,0,3,1.2000000000000002,1,56,15
Trade,41.006832122802734,0,3,2.8185797597130477,8,1,15
Trade,41.07342219352722,0,3,2.8185797597130477,1,8,15
Trade,41.09304904937744,0,3,1.218579759713048,1,1,15
Trade,41.09472322463989,0,3,1.218579759713048,8,1,15
Trade,41.10657215118408,0,3,2.4398184003182273,1,8,15
Trade,41.12338924407959,0,3,1.218579759713048,8,8,15
Trade,41.136067152023315,0,3,1.218579759713048,1,1,15
Trade,41.14905023574829,0,3,1.3000000000000003,1,59,15
Trade,41.156251192092896,0,3,1.3000000000000003,8,56,15
Trade,41.26174306869507,0,3,1.218579759713048,1,1,15
Trade,41.26481103897095,0,3,1.218579759713048,8,8,15
Trade,41.267131090164185,0,3,1.3185797597130482,8,56,15
Trade,41.278359174728394,0,3,1.3185797597130482,1,58,15
Trade,41.27976703643799,0,3,1.3185797597130482,8,59,15
Trade,41.29278802871704,0,3,1.218579759713048,8,1,15
Trade,41.29949998855591,0,3,1.3185797597130482,8,55,15
Trade,41.31760215759277,0,3,1.3185797597130482,1,56,15
Trade,41.31889319419861,0,3,1.3185797597130482,8,58,15
Trade,41.33526825904846,0,3,2.4398184003182273,31,8,15
Trade,41.33574819564819,0,3,1.3185797597130482,34,57,15
Trade,41.34689116477966,0,3,1.139818400318227,39,8,15
Trade,41.35521197319031,0,3,1.1,39,1,15
Trade,41.35595226287842,0,3,1.1,37,1,15
Trade,41.36122107505798,0,3,1.1,32,8,15
Trade,41.364617347717285,0,3,1.1,38,8,15
Trade,41.36580014228821,0,3,1.1,36,8,15
Trade,41.36625933647156,0,3,1.1,33,1,15
Trade,41.36896324157715,0,3,1.1,35,58,15
Trade,41.36925792694092,0,3,1.1,34,59,15
Trade,41.37059211730957,0,3,1.1,30,57,15
Trade,41.370949268341064,0,3,1.1,31,55,15
Trade,41.37117910385132,0,3,1.1,37,58,15
Trade,41.37137508392334,0,3,1.1,32,59,15
Trade,41.37411403656006,0,3,1.1,39,55,15
Trade,41.37442111968994,0,3,1.1,35,57,15
Trade,41.376970052719116,0,3,1.118579759713048,38,1,15
Trade,41.378724098205566,0,3,1.118579759713048,36,56,15
Trade,41.379555225372314,0,3,1.118579759713048,31,56,15
Trade,41.39217209815979,0,3,1.3185797597130482,39,56,15
Trade,41.47342109680176,0,3,1.1,31,53,15
Trade,41.78238320350647,0,3,1.7688682624820578,8,53,15
Trade,43.18730115890503,0,3,2.1,1,53,15
Trade,0.20961928367614746,0,4,1.1,0,52,15
Trade,0.4023442268371582,0,4,1.1,9,50,15
Trade,0.4600071907043457,0,4,2.4,52,0,15
Trade,0.5473830699920654,0,4,1.1,9,54,15
Trade,0.5542173385620117,0,4,2.4,53,0,15
Trade,0.6612532138824463,0,4,4.713442614980297,51,9,15
Trade,0.7950420379638672,0,4,3.8512356279974425,9,5,15
Trade,0.8034381866455078,0,4,3.8512356279974425,5,0,15
Trade,1.1708242893218994,0,4,3.8512356279974425,9,0,15
Trade,1.3246991634368896,0,4,3.9410419940450283,51,9,15
Trade,1.5706532001495361,0,4,3.8512356279974425,0,5,15
Trade,1.5840802192687988,0,4,3.9410419940450283,51,5,15
Trade,1.6458239555358887,0,4,2.9410419940450283,0,5,15
Trade,1.663295030593872,0,4,3.9410419940450283,51,5,15
Trade,1.7443602085113525,0,4,2.9444129212675656,9,5,15
Trade,1.765505075454712,0,4,3.9444129212675656,51,9,15
Trade,1.8585472106933594,0,4,2.9444129212675656,5,0,15
Trade,2.088405132293701,0,4,3.9444129212675656,51,0,15
Trade,2.440124273300171,0,4,3.9444129212675656,5,5,15
Trade,2.504451036453247,0,4,3.0735891813194587,38,5,15
Trade,2.506127119064331,0,4,3.0735891813194587,31,9,15
Trade,2.6335761547088623,0,4,2.0735891813194587,0,5,15
Trade,2.6889781951904297,0,4,3.0735891813194587,37,5,15
Trade,2.7465479373931885,0,4,3.0735891813194587,32,9,15
Trade,2.8414251804351807,0,4,1.834347177738485,0,54,15
Trade,2.9462242126464844,0,4,1.7995521760958433,5,53,15
Trade,2.9578652381896973,0,4,3.0735891813194587,34,0,15
Trade,3.133085250854492,0,4,3.0735891813194587,36,0,15
Trade,3.15682315826416,0,4,3.1735891813194588,54,5,15
Trade,3.5500991344451904,0,4,3.315075173610487,0,5,15
Trade,3.605757236480713,0,4,4.315075173610487,51,0,15
Trade,3.7060611248016357,0,4,4.315075173610487,51,0,15
Trade,3.763111114501953,0,4,2.0735891813194587,5,9,15
Trade,3.956865072250366,0,4,4.315075173610487,51,0,15
Trade,4.022484302520752,0,4,1.8799552789359366,0,53,15
Trade,4.316644191741943,0,4,2.9209028004331383,53,0,15
Trade,4.403641223907471,0,4,2.9209028004331383,53,9,15
Trade,4.423034191131592,0,4,2.9209028004331383,53,5,15
Trade,4.518206357955933,0,4,1.9209028004331383,0,5,15
Trade,4.581494092941284,0,4,2.9209028004331383,53,9,15
Trade,4.640970945358276,0,4,2.9209028004331383,53,9,15
Trade,4.718155145645142,0,4,1.9209028004331383,5,0,15
Trade,4.787741184234619,0,4,1.9209028004331383,5,9,15
Trade,4.87089991569519,0,4,1.1,5,52,15
Trade,5.032649993896484,0,4,2.8209028004331382,39,0,15
Trade,5.100259065628052,0,4,1.8209028004331382,5,9,15
Trade,5.1587371826171875,0,4,1.1,9,50,15
Trade,5.189588308334351,0,4,1.8209028004331382,30,0,15
Trade,5.3206682205200195,0,4,1.620902800433138,29,5,15
Trade,5.410012245178223,0,4,1.1,9,50,15
Trade,5.53705906867981,0,4,1.7209028004331381,36,5,15
Trade,5.590593099594116,0,4,1.7209028004331381,35,5,15
Trade,5.613825082778931,0,4,1.7209028004331381,32,9,15
Trade,5.620629072189331,0,4,1.7209028004331381,38,5,15
Trade,5.634867191314697,0,4,1.7209028004331381,33,0,15
Trade,5.666650056838989,0,4,1.7209028004331381,31,0,15
Trade,5.712799072265625,0,4,1.7209028004331381,34,5,15
Trade,5.8255369663238525,0,4,1.1,9,51,15
Trade,6.320309162139893,0,4,1.620902800433138,27,0,15
Trade,6.3753821849823,0,4,1.1,9,53,15
Trade,6.377678155899048,0,4,1.1,5,50,15
Trade,6.392323017120361,0,4,1.1,0,9,15
Trade,6.587560176849365,0,4,1.7209028004331381,37,9,15
Trade,6.600082159042358,0,4,1.1,9,5,15
Trade,6.659726142883301,0,4,1.1,5,51,15
Trade,6.70831823348999,0,4,1.1,0,54,15
Trade,6.767406225204468,0,4,1.1,9,50,15
Trade,6.778651237487793,0,4,1.1,0,54,15
Trade,6.8222572803497314,0,4,1.1,0,9,15
Trade,6.841054916381836,0,4,1.7209028004331381,39,9,15
Trade,7.113853216171265,0,4,2.720902800433138,5,0,15
Trade,7.127472162246704,0,4,2.720902800433138,53,5,15
Trade,7.221644163131714,0,4,3.0288641030121655,53,5,15
Trade,7.233111143112183,0,4,3.6803325076936133,52,9,15
Trade,7.459402084350586,0,4,3.0288641030121655,53,5,15
Trade,7.541887998580933,0,4,4.794131174248639,51,9,15
Trade,7.604456186294556,0,4,3.009962471854736,0,53,15
Trade,7.738548040390015,0,4,3.009962471854736,9,53,15
Trade,8.135414123535156,0,4,3.7941311742486388,5,0,15
Trade,8.187655210494995,0,4,3.7941311742486388,9,5,15
Trade,8.281049251556396,0,4,2.191345987611335,5,53,15
Trade,8.43161416053772,0,4,4.794131174248639,9,9,15
Trade,8.551076173782349,0,4,2.191345987611335,9,53,15
Trade,8.645843267440796,0,4,1.6191801572711944,9,54,15
Trade,8.711048364639282,0,4,4.05955706423341,52,9,15
Trade,8.825993299484253,0,4,3.0595570642334096,0,9,15
Trade,8.876842021942139,0,4,4.05955706423341,52,0,15
Trade,9.360886096954346,0,4,3.0595570642334096,0,5,15
Trade,9.387928009033203,0,4,4.05955706423341,52,0,15
Trade,9.450018167495728,0,4,2.3418543830963117,0,53,15
Trade,9.496906995773315,0,4,2.0595570642334096,9,53,15
Trade,9.594228982925415,0,4,3.1595570642334097,34,57,15
Trade,9.59824824333191,0,4,2.4153886050276387,32,53,15
Trade,9.600157260894775,0,4,2.0595570642334096,31,9,15
Trade,9.698109149932861,0,4,4.151014009716686,52,57,15
Trade,9.959541082382202,0,4,2.4153886050276387,9,53,15
Trade,10.076287031173706,0,4,4.151014009716686,52,5,15
Trade,10.2380211353302,0,4,4.151014009716686,52,58,15
Trade,10.484634160995483,0,4,4.151014009716686,52,0,15
Trade,10.927326202392578,0,4,3.151014009716686,5,0,15
Trade,10.93214726448059,0,4,3.151014009716686,51,5,15
Trade,11.647781133651733,0,4,4.151014009716686,0,5,15
Trade,11.658866167068481,0,4,3.151014009716686,5,54,15
Trade,12.216936349868774,0,4,5.151014009716686,5,9,15
Trade,12.453005075454712,0,4,3.151014009716686,9,5,15
Trade,12.755799055099487,0,4,4.151014009716686,52,0,15
Trade,12.82526421546936,0,4,4.151014009716686,5,0,15
Trade,14.029987096786499,0,4,4.151014009716686,0,5,15
Trade,14.48294711112976,0,4,4.784558692547003,51,0,15
Trade,14.755160093307495,0,4,5.151014009716686,5,9,15
Trade,15.335561990737915,0,4,3.251014009716686,0,59,15
Trade,15.475412368774414,0,4,3.251014009716686,9,58,15
Trade,16.169228076934814,0,4,2.151014009716686,5,0,15
Trade,16.204456329345703,0,4,3.251014009716686,0,50,15
Trade,16.632931232452393,0,4,4.151014009716686,0,9,15
Trade,17.229156255722046,0,4,4.151014009716686,9,5,15
Trade,18.734328031539917,0,4,4.151014009716686,0,9,15
Trade,18.88947606086731,0,4,3.7845586925470034,53,5,15
Trade,19.00396418571472,0,4,3.2624204016076805,53,57,15
Trade,19.050913095474243,0,4,3.7845586925470034,53,5,15
Trade,19.09709119796753,0,4,5.784558692547003,53,9,15
Trade,19.48264718055725,0,4,3.2624204016076805,53,59,15
Trade,19.556963205337524,0,4,3.7845586925470034,53,5,15
Trade,19.693936109542847,0,4,3.2624204016076805,53,58,15
Trade,19.861632108688354,0,4,3.2624204016076805,53,9,15
Trade,19.992796182632446,0,4,3.2624204016076805,53,58,15
Trade,20.150548219680786,0,4,3.2624204016076805,53,5,15
Trade,20.304827213287354,0,4,3.2624204016076805,53,0,15
Trade,20.734822273254395,0,4,3.2624204016076805,53,9,15
Trade,21.066445112228394,0,4,3.2624204016076805,53,9,15
Trade,21.311614990234375,0,4,3.2624204016076805,53,9,15
Trade,33.00240993499756,0,4,3.251014009716686,9,57,15
Trade,33.11805510520935,0,4,3.251014009716686,0,55,15
Trade,33.26002311706543,0,4,3.251014009716686,5,56,15
Trade,33.962177991867065,0,4,3.3510140097166863,33,59,15
Trade,33.986912965774536,0,4,3.3510140097166863,31,58,15
Trade,34.00012421607971,0,4,3.3510140097166863,30,57,15
Trade,34.02172327041626,0,4,3.3510140097166863,39,55,15
Trade,34.03823518753052,0,4,2.8364024405060095,35,53,15
Trade,34.17671608924866,0,4,2.051014009716686,34,56,15
Trade,34.2654709815979,0,4,2.051014009716686,38,58,15
Trade,34.3691840171814,0,4,2.051014009716686,32,59,15
Trade,36.76613712310791,0,4,2.051014009716686,36,5,15
Trade,37.090885162353516,0,4,2.051014009716686,37,0,15
Trade,40.067371129989624,0,4,3.251014009716686,5,0,15
Trade,40.07190704345703,0,4,3.251014009716686,9,5,15
Trade,40.08494734764099,0,4,3.4626264092355497,53,5,15
Trade,40.086127042770386,0,4,3.7845586925470034,0,5,15
Trade,40.08688831329346,0,4,3.7845586925470034,5,0,15
Trade,40.104854106903076,0,4,3.7845586925470034,9,9,15
Trade,40.116013050079346,0,4,5.151014009716686,34,9,15
Trade,40.11630892753601,0,4,5.151014009716686,36,0,15
Trade,40.11662006378174,0,4,3.3510140097166863,32,58,15
Trade,40.11679530143738,0,4,3.7845586925470034,9,5,15
Trade,40.121703147888184,0,4,3.3510140097166863,5,56,15
Trade,40.12476205825806,0,4,3.3510140097166863,32,59,15
Trade,40.12515616416931,0,4,3.3510140097166863,30,55,15
Trade,40.12571120262146,0,4,3.3510140097166863,38,57,15
Trade,40.12745809555054,0,4,3.1624204016076805,35,9,15
Trade,40.16496825218201,0,4,2.8364024405060095,5,9,15
Trade,40.16514301300049,0,4,3.151014009716686,51,5,15
Trade,40.17063498497009,0,4,3.1624204016076805,31,57,15
Trade,40.173235177993774,0,4,2.9364024405060096,9,58,15
Trade,40.192469120025635,0,4,3.1624204016076805,33,59,15
Trade,40.192697048187256,0,4,3.1624204016076805,37,58,15
Trade,40.19338417053223,0,4,3.1624204016076805,36,56,15
Trade,40.194568157196045,0,4,3.151014009716686,0,5,15
Trade,40.19488716125488,0,4,3.1624204016076805,39,0,15
Trade,40.20390701293945,0,4,2.8364024405060095,9,55,15
Trade,40.204100131988525,0,4,2.8364024405060095,5,50,15
Trade,40.38361120223999,0,4,2.8364024405060095,0,0,15
Trade,40.383817195892334,0,4,2.8364024405060095,9,50,15
Trade,40.39538931846619,0,4,2.9364024405060096,9,55,15
Trade,40.39952516555786,0,4,3.1624204016076805,34,5,15
Trade,40.40008807182312,0,4,3.1624204016076805,30,5,15
Trade,40.401313066482544,0,4,2.9364024405060096,5,57,15
Trade,40.414348125457764,0,4,2.9364024405060096,5,59,15
Trade,40.41961312294006,0,4,2.9364024405060096,5,56,15
Trade,40.45635724067688,0,4,3.1624204016076805,38,5,15
Trade,40.48374605178833,0,4,2.8364024405060095,9,49,15
Trade,40.485926151275635,0,4,2.8364024405060095,9,57,15
Trade,40.487234115600586,0,4,2.9364024405060096,0,58,15
Trade,40.48854923248291,0,4,3.1624204016076805,32,0,15
Trade,40.489540100097656,0,4,3.1624204016076805,35,5,15
Trade,40.492573261260986,0,4,3.1624204016076805,31,5,15
Trade,40.49880313873291,0,4,3.1624204016076805,33,5,15
Trade,40.49974226951599,0,4,3.1624204016076805,37,0,15
Trade,40.49996900558472,0,4,2.9364024405060096,9,59,15
Trade,40.501145124435425,0,4,2.9364024405060096,0,55,15
Trade,40.501466274261475,0,4,3.1624204016076805,39,0,15
Trade,40.501760959625244,0,4,2.9364024405060096,5,57,15
Trade,40.502262115478516,0,4,3.1624204016076805,36,5,15
Trade,40.522301197052,0,4,2.9364024405060096,0,58,15
Trade,40.5346040725708,0,4,2.9364024405060096,5,56,15
Trade,40.54480218887329,0,4,2.9364024405060096,9,43,15
Trade,40.56099510192871,0,4,2.8364024405060095,0,9,15
Trade,40.604490995407104,0,4,2.8364024405060095,0,0,15
Trade,40.60515809059143,0,4,2.8364024405060095,9,50,15
Trade,40.608092308044434,0,4,2.9364024405060096,5,59,15
Trade,40.61553621292114,0,4,2.9364024405060096,0,56,15
Trade,40.61864709854126,0,4,2.9364024405060096,9,58,15
Trade,40.63321614265442,0,4,4.251014009716686,9,0,15
Trade,40.63610601425171,0,4,2.9364024405060096,0,45,15
Trade,40.653584241867065,0,4,4.251014009716686,9,5,15
Trade,40.66979503631592,0,4,2.8364024405060095,9,9,15
Trade,40.69898700714111,0,4,2.8364024405060095,5,55,15
Trade,40.699424028396606,0,4,2.8364024405060095,0,59,15
Trade,40.715445041656494,0,4,2.9364024405060096,5,56,15
Trade,40.720189332962036,0,4,4.251014009716686,5,0,15
Trade,40.7279531955719,0,4,2.9364024405060096,9,58,15
Trade,40.73998212814331,0,4,2.9364024405060096,0,55,15
Trade,40.81864023208618,0,4,2.9364024405060096,9,59,15
Trade,40.830240964889526,0,4,2.9364024405060096,5,57,15
Trade,40.84774708747864,0,4,4.251014009716686,5,0,15
Trade,40.86505603790283,0,4,4.251014009716686,0,9,15
Trade,40.86850929260254,0,4,4.251014009716686,9,5,15
Trade,40.87825012207031,0,4,4.251014009716686,9,0,15
Trade,40.887187242507935,0,4,4.251014009716686,9,5,15
Trade,40.89731025695801,0,4,4.251014009716686,0,9,15
Trade,40.89988923072815,0,4,2.9364024405060096,0,44,15
Trade,40.91189622879028,0,4,4.251014009716686,0,9,15
Trade,40.92216610908508,0,4,2.9364024405060096,0,57,15
Trade,40.922500133514404,0,4,2.9364024405060096,9,59,15
Trade,40.92366313934326,0,4,2.9364024405060096,5,55,15
Trade,40.924506187438965,0,4,2.9364024405060096,0,56,15
Trade,40.94067621231079,0,4,4.251014009716686,5,0,15
Trade,40.95628905296326,0,4,2.8364024405060095,5,5,15
Trade,40.97980213165283,0,4,4.251014009716686,0,5,15
Trade,40.98221516609192,0,4,4.251014009716686,5,9,15
Trade,40.98497414588928,0,4,2.9364024405060096,0,58,15
Trade,40.98518514633179,0,4,2.9364024405060096,9,46,15
Trade,40.988091230392456,0,4,3.3510140097166863,5,48,15
Trade,41.002875089645386,0,4,3.4510140097166864,5,47,15
Trade,41.02042317390442,0,4,4.379841523751983,9,0,15
Trade,41.04069805145264,0,4,4.379841523751983,9,5,15
Trade,41.042747259140015,0,4,4.379841523751983,5,9,15
Trade,41.10819911956787,0,4,3.4510140097166864,0,57,15
Trade,41.12293028831482,0,4,3.4510140097166864,5,56,15
Trade,41.144047260284424,0,4,3.4510140097166864,0,55,15
Trade,41.17594003677368,0,4,3.4510140097166864,0,59,15
Trade,41.188228130340576,0,4,3.4510140097166864,9,58,15
Trade,41.19247913360596,0,4,3.051014009716686,0,5,15
Trade,41.205061197280884,0,4,1.487460281393235,9,9,15
Trade,41.26947617530823,0,4,3.151014009716686,0,0,15
Trade,41.29143810272217,0,4,3.151014009716686,5,0,15
Trade,41.29162120819092,0,4,3.151014009716686,9,50,15
Trade,41.291866064071655,0,4,3.151014009716686,0,53,15
Trade,41.29220128059387,0,4,3.251014009716686,5,57,15
Trade,41.3116991519928,0,4,4.251014009716686,0,9,15
Trade,41.33361506462097,0,4,4.251014009716686,34,5,15
Trade,41.33382511138916,0,4,4.251014009716686,32,0,15
Trade,41.3340380191803,0,4,3.251014009716686,33,56,15
Trade,41.334418296813965,0,4,3.251014009716686,31,58,15
Trade,41.33476519584656,0,4,3.251014009716686,39,59,15
Trade,41.35547637939453,0,4,2.7364024405060094,36,53,15
Trade,41.355661153793335,0,4,2.7364024405060094,38,54,15
Trade,41.35666298866272,0,4,2.7364024405060094,35,52,15
Trade,41.357089042663574,0,4,2.7364024405060094,37,52,15
Trade,41.357375144958496,0,4,2.7364024405060094,39,54,15
Trade,41.357547998428345,0,4,2.7364024405060094,30,53,15
Trade,41.35801434516907,0,4,2.7364024405060094,34,52,15
Trade,41.358946084976196,0,4,2.7364024405060094,32,52,15
Trade,41.35912227630615,0,4,2.7364024405060094,33,54,15
Trade,41.35940909385681,0,4,2.7364024405060094,31,53,15
Trade,41.36181402206421,0,4,4.251014009716686,9,53,15
Trade,41.364948987960815,0,4,4.305459826554934,30,53,15
Trade,41.36532402038574,0,4,4.305459826554934,9,53,15
Trade,41.36691093444824,0,4,4.305459826554934,9,53,15
Trade,41.36753726005554,0,4,5.151014009716686,0,5,15
Trade,41.370198011398315,0,4,5.25484287853626,52,9,15
Trade,41.37207221984863,0,4,4.362420401607681,36,59,15
Trade,41.372239112854004,0,4,4.305459826554934,35,53,15
Trade,41.37248420715332,0,4,2.7755531658350825,34,52,15
Trade,41.372979164123535,0,4,2.7364024405060094,38,54,15
Trade,41.37319016456604,0,4,2.7364024405060094,39,53,15
Trade,41.373356103897095,0,4,2.7364024405060094,32,55,15
Trade,41.373603105545044,0,4,2.7364024405060094,37,52,15
Trade,41.37626910209656,0,4,5.430660123899067,54,9,15
Trade,41.377883195877075,0,4,4.305459826554934,9,53,15
Trade,41.38944411277771,0,4,3.251014009716686,34,58,15
Trade,41.38963198661804,0,4,3.251014009716686,39,59,15
Trade,41.38979411125183,0,4,3.251014009716686,38,57,15
Trade,41.38995313644409,0,4,3.251014009716686,33,55,15
Trade,41.39051532745361,0,4,3.051014009716686,36,54,15
Trade,41.39085626602173,0,4,3.051014009716686,30,56,15
Trade,41.39114427566528,0,4,3.051014009716686,31,53,15
Trade,41.39170026779175,0,4,3.051014009716686,37,54,15
Trade,41.39193820953369,0,4,3.051014009716686,32,53,15
Trade,41.392565965652466,0,4,4.251014009716686,5,53,15
Trade,41.3927321434021,0,4,4.251014009716686,0,54,15
Trade,41.460695028305054,0,4,5.574164490936005,5,53,15
Trade,41.46311926841736,0,4,6.832772858308662,51,0,15
Trade,41.746331214904785,0,4,4.964038596382113,9,54,15
